,quote_tweet_id,quote_tweet_text,name,time,location,followers,following,hashtags
0,1612145232132325384,"Priceless, suffice it to say the ""Mona Lisa"" doesn't travel anymore. https://t.co/dMdWbx3oTQ","Sellig (il/lui, he/him)",2023-01-08 18:04:41,"Winnipeg, Manitoba, Canada",161,208,[]
1,1612145232132325384,Thank you Mr President for this great honor to visit #monalisa https://t.co/7AyfEByIQT https://t.co/gFaejn5OSL,Prince Ethelred Athelstan,2023-01-08 18:01:36,,0,34,['monalisa']
2,1612144866066305025,Really good looking luxury car was probably designed in 85-88. Maybe the big Benz of that time. https://t.co/2LNobSWZVM,Sir Geechie,2023-01-08 17:55:30,"CT & St. Helena,SC circa 1870",2461,2003,[]
3,1612143993181061126,Kinda dig the cheesiness and might actually try to get a pair ğŸ˜¬ https://t.co/mYLHWSE5ew https://t.co/bRjWvX7YWQ,Tristan D'Amours,2023-01-08 18:02:06,"MontrÃ©al, QuÃ©bec",2798,1301,[]
4,1612143525281370114,https://t.co/UGCyBjgh3K,Pete Liquid,2023-01-08 17:47:50,Orcaucasus,638,601,[]
5,1612143053761912832,"Let's be real, in 6 weeks. We won't be talking about Damar Hamlin as a culture. His career still may be over and heâ€¦ https://t.co/H35z2O93Ed",cmitown,2023-01-08 17:46:21,15201 Maple Systems Rd Chicago,282,128,[]
6,1612142988108365824,Pepsaid When you compete with the past you are always going to lose so people have to be patient itâ€™s not potter faâ€¦ https://t.co/wO7TaGiDRR,Jâ€™,2023-01-08 17:48:13,West London,271,347,[]
7,1612142531374125056,"Then still empty the clip into his face. Idc about his brother, I care about me and mine. https://t.co/kv4juYhTMu",vmx,2023-01-08 19:04:56,,15,183,[]
8,1612141968330739713,Shambho ğŸ™ ğŸ™ https://t.co/U9V7bVpU8Y,Kavita #SaveSoil,2023-01-08 19:30:03,,943,976,[]
9,1612141968330739713,"Sadguru how do you define à¥  Amin or yemin, aam or aum, https://t.co/nCb6YcZbPp",à¤§à¤°à¥à¤®,2023-01-08 18:40:40,"Mumbai, India",412,1142,[]
10,1612141968330739713,"Gavisiddheshwara Mahotsava- a centuries-old tradition of Devotion &amp; Gratitude, a stellar tribute to the spiritual râ€¦ https://t.co/e43ejtGMmX",Gourav raghuwanshi #savesoil,2023-01-08 18:03:44,"Ayodhya, Bharat ",1517,1556,[]
11,1612141113791631363,This is a good addition to the conversation about cultural appropriation going on. People definitely have the rightâ€¦ https://t.co/6b2eWuRJ7X,Steph (they/them) Back to School Era,2023-01-08 17:40:30,CHIâ†’LAâ†’CHIâ†’NOLAâ†’LA,837,1817,[]
12,1612140574433312777,"I'm feeling this way about nhl hockey, more and more. :( https://t.co/p63pDxg2Ky",Luna @LunaSee@mas.to ğŸŒ™ğŸ³ï¸â€ğŸŒˆâœï¸ğŸŒ²ğŸ¦„,2023-01-08 18:21:13,BC,913,1438,[]
13,1612140456057372673,It's really weird ğŸ˜• https://t.co/JNluASUWVS,patrick,2023-01-08 20:08:18, Scotland,7815,8456,[]
14,1612140456057372673,Absolutely agree!!! https://t.co/MUioZfGJgW,L M Krier,2023-01-08 17:37:26,Central France,2900,2258,[]
15,1612139071077220355,Some cultures ARE better than others... https://t.co/t2hIl0rphw https://t.co/PcWg9bEGAg,The Murphie,2023-01-08 17:53:58,,165,394,[]
16,1612138892316098561,"Aho
Lets promote situationship....
AjeebğŸ˜‘ https://t.co/4VsUzBwvkO",B.Rabbit,2023-01-08 19:24:46,,21,24,[]
17,1612138805426884610,"RT @AmbaPikin: The reality in #SouthernCameroons

@CNNAfrica @BBCAfrica @africanewsÂ  @VOAAfrica @AP_Africa @AfricaMediaHub @irinnews @usnewâ€¦",Aisha AnneğŸ‡ºğŸ‡¦,2023-01-08 20:47:35,"Ambas Bay, Southern Cameroons ",3053,135,['SouthernCameroons']
18,1612138805426884610,"The reality in #SouthernCameroons

@CNNAfrica @BBCAfrica @africanewsÂ  @VOAAfrica @AP_Africa @AfricaMediaHubâ€¦ https://t.co/ibYrF9qXG3",Aisha AnneğŸ‡ºğŸ‡¦,2023-01-08 20:46:01,"Ambas Bay, Southern Cameroons ",3053,135,['SouthernCameroons']
19,1612138335815843841,"All I would add is that DeSantis is motivated by imaginary enemies, or at least enemies of his own making. https://t.co/hc1zR00DQe",Sean Brodrick,2023-01-08 17:33:12,"West Palm Beach, FL",5238,1900,[]
20,1612138335815843841,DeSantis ã¯ã€æˆåŠŸã—ãŸãƒˆãƒ©ãƒ³ãƒ—å¾Œã®å…±å’Œå…šæ”¿æ²»ãŒã©ã®ã‚ˆã†ã«è¦‹ãˆã‚‹ã‹ã‚’å£é–“è¦‹ã›ã¾ã™ã€‚ã„ã¾ã ã«æˆ¦é—˜çš„ã§äºŒæ¥µåŒ–ã—ã¦ãŠã‚Šã€ã„ã¾ã ã«ä¸æº€ã«æ‚©ã¾ã•ã‚Œã¦ã„ã¾ã™ãŒã€ãƒˆãƒ©ãƒ³ãƒ—ä¸­å¿ƒã§ã¯ãªãã€MAGA ãƒ™ãƒ¼ã‚¹ã‚’è¶…ãˆã¦å…±é³´ã™ã‚‹å•é¡Œã‚„æ•µã«ã‚ˆã£ã¦ã‚ˆã‚Šæ´»â€¦ https://t.co/BXoNj1erdc,Skynet News by CameronğŸ’•No DMğŸ’•parody account,2023-01-08 17:30:59,Skynet in cloud ï¼ æ¸¯åŒºéœãŒé–¢,1155,551,[]
21,1612137011501989893,"@Harvard #WhiteSupremacy 

""Withholding Rothâ€™s participation in a human rights program due to his own staunch critiâ€¦ https://t.co/NkylJipato",A Human Being ğŸ˜·,2023-01-08 17:53:38,"Toronto, ON",402,873,['WhiteSupremacy']
22,1612136929964818433,"Lehrer die wegen ChatGPT aufschreien, sollten sich Gedanken machen:
""ChatGPT levels the playing field, giving studeâ€¦ https://t.co/kv7aZYSiGx",@yoean@infosec.exchange,2023-01-08 17:44:26,earth,31,243,[]
23,1612136929964818433,"""I understand why we might want to give competency exams to paramedics and cab drivers before entrusting them withâ€¦ https://t.co/Ejjdjl4dMP",peter,2023-01-08 17:43:28,,1140,347,[]
24,1612136927506857985,They should invite Japanese and Taliban women in the frey. https://t.co/61iGxcOl3L,Gerald Derome,2023-01-08 18:38:48,Ottawa Ontario Canada,126,199,[]
25,1612136806132350976,Good thing Toddâ€™s here and doesnâ€™t give a fuck about the old regime and their outdated ways ğŸ™ https://t.co/VMOrI4iuEf,Brian,2023-01-08 17:19:45,,158,618,[]
26,1612136779406102533,"it's so weird like, she's a genuiely nice girl who's known to be a fan of queer culture and ally since the very begâ€¦ https://t.co/2m4urINrbv",MIÅâ™¡SZ,2023-01-08 20:00:16,kwangya/sseraville/loonaisland,331,636,[]
27,1612136380162887680,"Lol you read it. ğŸ˜‚ğŸ¤£ğŸ¤£. 

I guess the â€œmark of artistsâ€ on twitter is that theyâ€™re assholes who not only are dumb butâ€¦ https://t.co/1P9PQNVzOe",broganwassell.eth,2023-01-08 17:27:11,"Los Angeles, CA",232,819,[]
28,1612135839995432960,"Coach Smart on Darnell Washington: ""We're hopeful to get Darnell ready to play....He really wants to...this game meâ€¦ https://t.co/snUvhuVZU4",Anthony Dasher,2023-01-08 17:16:10,"Athens, Ga.",33122,1559,[]
29,1612135664610598914,RT @robertfranek: â€œThe party that says itâ€™s against cancel culture works hard to cancel elections and opposing votes. There isnâ€™t a more egâ€¦,Lanoka Lanikai,2023-01-08 22:05:36,Kauai,2182,2223,[]
30,1612135664610598914,RT @robertfranek: â€œThe party that says itâ€™s against cancel culture works hard to cancel elections and opposing votes. There isnâ€™t a more egâ€¦,Kay Scott,2023-01-08 22:04:13,,1447,3069,[]
31,1612135664610598914,RT @robertfranek: â€œThe party that says itâ€™s against cancel culture works hard to cancel elections and opposing votes. There isnâ€™t a more egâ€¦,Cecelia Vela-Bailey,2023-01-08 22:02:42,"Redondo Beach, CA",439,1825,[]
32,1612135664610598914,RT @robertfranek: â€œThe party that says itâ€™s against cancel culture works hard to cancel elections and opposing votes. There isnâ€™t a more egâ€¦,nancy bowen,2023-01-08 22:02:22,"Brookdale, CA",38419,42185,[]
33,1612135154847256583,#ebikes4nhs https://t.co/U1pjw0sXLw,ğŸš€ğŸ’™Hattie Taylor RN DN QN ğŸŒˆ,2023-01-08 18:41:14,"South West, England",4844,5216,['ebikes4nhs']
34,1612134448518012956,RT @lamphieryeg: Oh. So now you're trying to make this about US gun culture? Don't think so. It's about a cop who recklessly shot an unarmeâ€¦,Older and Wiser ğŸ‡¨ğŸ‡¦,2023-01-08 20:47:39,Canada,510,167,[]
35,1612134448518012956,Oh. So now you're trying to make this about US gun culture? Don't think so. It's about a cop who recklessly shot anâ€¦ https://t.co/jqgqqYW6IP,Gary Lamphier,2023-01-08 17:14:26,"Edmonton, Alberta",22636,5161,[]
36,1612133880529825793,Sorry to hear this! https://t.co/2gqI0RYN6u,Andrew Farago's Batman: Updated in stores 12/6,2023-01-08 18:55:41,"California, USA",3403,2573,[]
37,1612132537731584004,Shit talking communist reporter is my new favorite show. https://t.co/PDGXZNFCRo,"MycVicious, still won't leave",2023-01-08 21:51:23,where the river bends.,255,718,[]
38,1612132480093495297,"A thread, by the author of one of the great internet threads on psychedelics https://t.co/3c96jV8uVi",Dethroned Prince,2023-01-08 23:51:44,,1,20,[]
39,1612132480093495297,Good thread. I used to do that stuff a lot and have been around a lot of people into that sort of thing. You'll notâ€¦ https://t.co/h76bGpi200,Immunonatrale' hide&seek,2023-01-08 20:35:26,,1645,2564,[]
40,1612132480093495297,"""I read two tangentially related books a thread"" https://t.co/X27MFpyREE",David,2023-01-08 19:13:24,Marxachusetts,1366,1734,[]
41,1612132480093495297,What could go wrong by immersing a bunch of people for hours into the realm of the demonic? https://t.co/w8uLFYXDhC,RENAISSANCE,2023-01-08 18:40:23,,173,367,[]
42,1612132480093495297,"Perfect thread. Perfect tone &amp; approach to such a foolish project.

Kudos to @OwenBroadcast. https://t.co/s0IJHNgpr9",Jeff Wright,2023-01-08 18:20:30,,3206,1405,[]
43,1612132480093495297,WHAT COULD POSSIBLY GO WRONG https://t.co/D2bzGNx45j,Hereford Brimley,2023-01-08 18:18:19,Home,150,640,[]
44,1612132480093495297,This is the number one threat that humanity currently faces. https://t.co/3yL3SiZFew,Alarm,2023-01-08 18:03:51,,31,187,[]
45,1612132480093495297,"What the fuck?!?!
The implications of this are mind blowing https://t.co/S3tOKsO7Kh",Tao of Mookie,2023-01-08 17:57:40,,284,236,[]
46,1612132480093495297,interesting thread but too much saracsm for my taste https://t.co/K5voAtLiOM,turtle,2023-01-08 17:52:21,internet,232,357,[]
47,1612132480093495297,@brianstale https://t.co/W6oyUYqTdP,Hudda_good,2023-01-08 17:15:48,"North Carolina, USA",113,301,[]
48,1612132440570462208,Education and books are gateway to the enlightened society.This right can't be denied for Baloch nation. Strongly câ€¦ https://t.co/3gdDXPDr1Y,Shah Jahan Baloch,2023-01-08 23:00:57,"England, United Kingdom",1573,1018,[]
49,1612132440570462208,RT @wbjan7: ÛŒÛ Ø±ÛŒØ§Ø³Øª ÛÛŒ Ú©ÛŒ Ø¨Ù†Ø§Ø¦ÛŒ ÛÙˆØ¦ÛŒ Ø§ÛŒÚˆÙ…Ù†Ø³Ù¹Ø±ÛŒØ´Ù† ÛÛ’ØŒ Ø¬Ùˆ ØºÙ„Ø§Ù…Ø§Ù†Û Ø°ÛÙ†ÛŒØª Ú©Û’ Ø³Ø§ØªÚ¾ Ø§Ø³ Ø³Ù…Ø§Ø¬ Ù¾Ø± Ù…Ø³Ù„Ø· ÛÛŒÚºÛ” Ø­ÛŒØ±Ø§Ù†ÛŒ Ú©ÛŒ Ø¨Ø§Øª ÛÛ’ Ø§Ù† Ø³Û’ Ú©ØªØ§Ø¨ÛŒÚº Ø¨Ø±Ø¯Ø§Ø´Øª Ù†Ûâ€¦,Hammad Malik,2023-01-08 22:06:15,"Lahore, Pakistan",223,348,[]
50,1612132440570462208,RT @wbjan7: ÛŒÛ Ø±ÛŒØ§Ø³Øª ÛÛŒ Ú©ÛŒ Ø¨Ù†Ø§Ø¦ÛŒ ÛÙˆØ¦ÛŒ Ø§ÛŒÚˆÙ…Ù†Ø³Ù¹Ø±ÛŒØ´Ù† ÛÛ’ØŒ Ø¬Ùˆ ØºÙ„Ø§Ù…Ø§Ù†Û Ø°ÛÙ†ÛŒØª Ú©Û’ Ø³Ø§ØªÚ¾ Ø§Ø³ Ø³Ù…Ø§Ø¬ Ù¾Ø± Ù…Ø³Ù„Ø· ÛÛŒÚºÛ” Ø­ÛŒØ±Ø§Ù†ÛŒ Ú©ÛŒ Ø¨Ø§Øª ÛÛ’ Ø§Ù† Ø³Û’ Ú©ØªØ§Ø¨ÛŒÚº Ø¨Ø±Ø¯Ø§Ø´Øª Ù†Ûâ€¦,Qaisar Javed,2023-01-08 18:28:57,State of Jammu Kashmir/Lahore,2290,712,[]
51,1612132440570462208,ÛŒÛ Ø±ÛŒØ§Ø³Øª ÛÛŒ Ú©ÛŒ Ø¨Ù†Ø§Ø¦ÛŒ ÛÙˆØ¦ÛŒ Ø§ÛŒÚˆÙ…Ù†Ø³Ù¹Ø±ÛŒØ´Ù† ÛÛ’ØŒ Ø¬Ùˆ ØºÙ„Ø§Ù…Ø§Ù†Û Ø°ÛÙ†ÛŒØª Ú©Û’ Ø³Ø§ØªÚ¾ Ø§Ø³ Ø³Ù…Ø§Ø¬ Ù¾Ø± Ù…Ø³Ù„Ø· ÛÛŒÚºÛ” Ø­ÛŒØ±Ø§Ù†ÛŒ Ú©ÛŒ Ø¨Ø§Øª ÛÛ’ Ø§Ù† Ø³Û’ Ú©ØªØ§Ø¨â€¦ https://t.co/TDiR50HWWz,WÄhab JÃ¡n,2023-01-08 18:26:25,  Paradise Ø¨Ù„ÙˆÚ†Ø³ØªØ§Ù† ğŸ’š,98,347,[]
52,1612132245594148866,Got no issue with spraying money if I have it https://t.co/tAZqzjQi2R,VVS,2023-01-08 17:28:29,United Kingdom,36,97,[]
53,1612132184281808898,.... https://t.co/RzCqPu2JEi,newspyre,2023-01-08 19:31:38,International ,1686,484,[]
54,1612132088362172416,@DebyNavarroR ğŸ‘€ https://t.co/jmzRTv4sq6,Fco. Rojas,2023-01-08 17:07:01,"Antofagasta, Chile",524,1179,[]
55,1612132027884511237,Japan will create something and the same people who like it will act super racist towards Asian people in general. https://t.co/NcLWp5ojrC,Malik Boddie,2023-01-08 19:15:50,"Akron, Ohio",89,642,[]
56,1612131931553939456,ë² ë¥¼ë¦°ì—ì„œ ë¸Œë¥´ì¸ ì™€í”„ê¹Œì§€ ë‹¨ 19ìœ ë¡œ. https://t.co/HgLdxD2Ri5,YJ K-Jamais vu,2023-01-08 19:42:52,Munich Stellenbosch Seoul,951,70,[]
57,1612131931553939456,"Culture Train: Germany-Poland. Berlin-Wroclaw. @dwnews 
#Travel #culture #tourism https://t.co/uwg3gsme2v",Binu Philip,2023-01-08 18:51:11,Bangalore,219,549,"['Travel', 'culture', 'tourism']"
58,1612131931553939456,Verdammt jute Idee!! ğŸ‡©ğŸ‡ªğŸ¤ğŸ‡µğŸ‡± https://t.co/6kfOMQXbFJ,Kaiser SÃ¶so,2023-01-08 17:22:49,,372,618,[]
59,1612131931553939456,"@Bundeskanzler can it transport Leopards too? 

FreeTheLeopards https://t.co/pXA5eh0sae",JupStorm,2023-01-08 17:02:58,,534,2501,[]
60,1612131325808361475,â€œOne of my goals (as an actress) was to show that Black women are not monolithic. We can be in space and we can beâ€¦ https://t.co/GwugN4zHsf,Latrice Davis,2023-01-08 20:28:15,Living comfortably in my skin,502,522,[]
61,1612131325808361475,"In line with my 2023 promise to myself, to â€œappreciate the reality of the present more than the promise of the futuâ€¦ https://t.co/6424ioGtFX",James P. Reza,2023-01-08 17:20:55,"Las Vegas, NV",1801,514,[]
62,1612131325808361475,Wise words. https://t.co/U9EK0fKYAb,Safaa Dib,2023-01-08 17:16:49,Lisboa,10343,2157,[]
63,1612130794171940869,"Morrissey: ""I've been offended all of my life, and it has strengthened me, and I am glad. Only by hearing the opiniâ€¦ https://t.co/WirIPR2jT6",Ellen Elpiner â˜¦ï¸ En route back to Old Calendar ğŸ“š,2023-01-08 17:54:05,ROCOR,341,525,[]
64,1612130794171940869,Morrissey DGAF https://t.co/9OUtmiujZ3,Ultra CraigÃ© Schmuckatelli ğŸ‡ºğŸ‡¸,2023-01-08 17:49:45,Morton's Fork,6427,5646,[]
65,1612130598113644547,â€œCross culture music platforms allowed for shared learning experiences on the dance floor.â€ @djsudi  ğŸ–¤ğŸ¤ğŸ–¤ https://t.co/YcLsFmEDs5,BlindianProject,2023-01-08 17:00:33,London,744,1341,[]
66,1612130545605160960,#REALTALK https://t.co/4k6r90ZROv,Macksimus,2023-01-08 20:27:13,,1237,587,['REALTALK']
67,1612130475354497027,reminds me i should read Azuma's Otaku book https://t.co/UV7Y1yQogf,T. Shklovsky (finding a form),2023-01-08 17:09:20,,49,132,[]
68,1612129438992371712,.@BillKristol .@pbump .@nytdavidbrooks .@WTOP .@fox5dc .@ABC7News .@wusa9 .@wamu885news .@MeetThePress .@NewsHour .â€¦ https://t.co/8krmS5hWtW,Pierre LaFontaine,2023-01-08 23:01:13,,1383,1363,[]
69,1612129438992371712,ğŸ¤¢ğŸ¤®â˜ ï¸ğŸ’©ğŸ¤¬ğŸ˜¡#DemsDeliverJobsNotChaos #DemsInArray #RepublicansInRuin #RepublicanClownShow #RepublicansInDisarrayâ€¦ https://t.co/SsfljPIvmA,Shari Adkisson ğŸŒ ğŸŒŠğŸ’œâ˜®â™“ğŸ™,2023-01-08 21:39:34,Southern New Mexico,61,165,"['DemsDeliverJobsNotChaos', 'DemsInArray', 'RepublicansInRuin', 'RepublicanClownShow', 'RepublicansInDisarray']"
70,1612129438992371712,NO thanks!ğŸš«ğŸš«ğŸš«ğŸš« https://t.co/OxNmwPG42d,Candace Carpenter,2023-01-08 18:45:37,ğŸœï¸Valley of the SunğŸŒ ğŸ˜ğŸœï¸ğŸŒµ,1192,3872,[]
71,1612129252240924678,The South Korean draq queen raising LGBT awareness https://t.co/l99uLEa2vH https://t.co/XTnOgsNzP2,trends online,2023-01-08 19:17:17,,10,136,[]
72,1612129135291240450,Join us on January 27th for this virtual event on inequality and cultural authenticity! https://t.co/nQ9WlpdJ7H,Miray Philips - Ù…ÙŠØ±Ø§ÙŠ ÙÙŠÙ„Ø¨Ø³,2023-01-08 17:34:30,DC | MN | ğŸ‡ªğŸ‡¬ | ğŸ‡°ğŸ‡¼,1914,3599,[]
73,1612129123777781764,RT @Sailmysoul2sea: Stay yo ass inside then green ass nigga,Nicki,2023-01-08 19:23:13,,334,501,[]
74,1612129123777781764,RT @Sailmysoul2sea: Stay yo ass inside then green ass nigga,SCAR,2023-01-08 18:52:52,"Duval, FL",1856,588,[]
75,1612129123777781764,RT @Sailmysoul2sea: Stay yo ass inside then green ass nigga https://t.co/CT9ZyFQBhT,that guy,2023-01-08 18:03:39,Under Your Bed,205,281,[]
76,1612129123777781764,RT @Sailmysoul2sea: Stay yo ass inside then green ass nigga,Rashaad....,2023-01-08 17:52:43,,2284,1516,[]
77,1612129123777781764,RT @Sailmysoul2sea: Stay yo ass inside then green ass nigga,Coach Trey,2023-01-08 17:04:11,,338,216,[]
78,1612129123777781764,Stay yo ass inside then green ass nigga https://t.co/CT9ZyFQBhT,â˜”ï¸â˜”ï¸â˜”ï¸â˜”ï¸â˜”ï¸â˜”ï¸â˜”ï¸â˜”ï¸,2023-01-08 16:50:27,,1073,471,[]
79,1612128827685076992,Aswear. Suddenly the man with 4 ppl tweeting from a room don dey give them sleepless nights https://t.co/Jef0UPIrU8,Delta Perfume Oil Plug (Elowen Scents),2023-01-08 19:21:42,"Delta, Nigeria",96,94,[]
80,1612128690686791680,Arey Brother. I was calling racist to the person who was telling you to go live in africa and live with Monkeys notâ€¦ https://t.co/APfMJ2L3OF,arhant,2023-01-08 16:51:48,,10,26,[]
81,1612128111956754432,RT @yat023: The left doesnâ€™t believe in culture and family because these are institutions that serve as a bulwark against the government anâ€¦,Larry,2023-01-08 19:17:08,"London, England",45,256,[]
82,1612128111956754432,RT @yat023: The left doesnâ€™t believe in culture and family because these are institutions that serve as a bulwark against the government anâ€¦,Frankie DarklightğŸ‡¬ğŸ‡§ ğŸ‡®ğŸ‡±ğŸ‡ºğŸ‡¸,2023-01-08 18:19:44,"Bristol, England",8789,8653,[]
83,1612128111956754432,The left doesnâ€™t believe in culture and family because these are institutions that serve as a bulwark against the gâ€¦ https://t.co/DzHThU8Qfj,YachtMoney,2023-01-08 18:17:34,"CT, USA",7936,8170,[]
84,1612127865645957120,Two imbeciles https://t.co/wIwFIrFU9y,Drassco,2023-01-08 21:09:00,"UÅ¾ice, Serbia",57,129,[]
85,1612127488708337665,french toast winning yâ€™all have some exquisite palates https://t.co/adcEp7bF16,tay,2023-01-08 21:09:02,dmv baby ,231,283,[]
86,1612127488708337665,everyone please vote. very important poll https://t.co/adcEp7bF16,tay,2023-01-08 18:56:12,dmv baby ,231,283,[]
87,1612127317425549312,Couldnâ€™t of said it better myself #TitanUp âš”ï¸ https://t.co/En5LEbP685 https://t.co/CmHir0g310,Kegan âš”ï¸ğŸ—,2023-01-08 16:56:26,Nissan Stadium,331,608,['TitanUp']
88,1612127268473606146,This is twice that I've heard of and had to remember Mystery Men in the same week. So weird that as a kid I loved tâ€¦ https://t.co/xfwOrFDqrg,Ark Nodem | Streaming Sun-Thu Usually,2023-01-08 19:49:28,"Texas, USA",76,861,[]
89,1612127268473606146,Wild. Love that movie. https://t.co/dQU4yPuLgT,ğŸ’¢â­•ğŸ’¢ğŸ‡»ğŸ‡®,2023-01-08 17:06:12,"Chicago, IL",278,649,[]
90,1612127268473606146,This just reminds me how sad I am that Mystery Men is not better known. That's a movie that deserved to be a constaâ€¦ https://t.co/8DzA7l68a6,Rantel Brown,2023-01-08 16:55:14,"St. Catharines, Ontario",55,104,[]
91,1612126388244578304,"RT @fakehistoryhunt: That's a lovely bee.
And I'd totally wear that today.",jo turner,2023-01-09 02:36:48,,5224,5745,[]
92,1612126388244578304,Fab bee brooch .. https://t.co/oPgucRXHGu,"Wendy ""#ChurchOfAllCats"" Fleet ğŸ˜¹ğŸ’™ğŸŒŠ",2023-01-09 02:19:21,CA,32797,36048,[]
93,1612126388244578304,Looks more like a cicada than a beeğŸ https://t.co/8ZFwtbHzMm,g o p e n,2023-01-09 00:58:14,See you down the road.,1027,884,[]
94,1612126388244578304,"RT @ae_stallings: I would like this, please:",ğŸŒ»LillyinWick,2023-01-09 00:39:17,Scotland,1998,4974,[]
95,1612126388244578304,"This would make a really fine gift for me, just saying https://t.co/ATeGkXMx50",Gayton Gomez /Gaytongomez@mastodon.social,2023-01-08 23:53:12,,5701,2373,[]
96,1612126388244578304,"RT @ae_stallings: I would like this, please:",Ticia Verveer,2023-01-08 23:50:55,,132809,76643,[]
97,1612126388244578304,Is this the original beebro? ğŸ¤” https://t.co/bae6lceqS3,â¤ï¸SamnDeanğŸ’™,2023-01-08 22:40:01,My Chill of bronlies,2863,484,[]
98,1612126388244578304,"RT @fakehistoryhunt: That's a lovely bee.
And I'd totally wear that today.",nick Ù† ğŸŒ,2023-01-08 22:29:43,Sinus Medii,349,2410,[]
99,1612126388244578304,RT @celluloidspectr: delightful,Eric Maes,2023-01-08 22:27:19,RÃ©gion Centre  Eure&Loir,813,748,[]
100,1612126388244578304,RT @celluloidspectr: delightful,Ticia Verveer,2023-01-08 22:26:33,,132809,76643,[]
101,1612126388244578304,RT @MatthewJDalby: What a great Roman bee.,Ticia Verveer,2023-01-08 22:26:15,,132809,76643,[]
102,1612126388244578304,"RT @fakehistoryhunt: That's a lovely bee.
And I'd totally wear that today.",Ticia Verveer,2023-01-08 22:25:59,,132809,76643,[]
103,1612126388244578304,@MuseoCadiz https://t.co/YEz8HpYRpt,Sakitilla,2023-01-08 22:24:55,En la Luna,85,276,[]
104,1612126388244578304,delightful https://t.co/XPufFN5XUy,Addy's Eyes ~ Making Tweeting Pleasurable,2023-01-08 22:17:14,United kingdom,697,760,[]
105,1612126388244578304,Travail et minutie https://t.co/SFyUiiWO7g,ğ“‚ ğ•ƒğ• ğ•¦ğ•§ğ•– ğ“‚,2023-01-08 21:20:15,,249,397,[]
106,1612126388244578304,BeyoncÃ©'s impact https://t.co/2W9n5xj79P,Broken Glass! in the Disco,2023-01-08 20:49:06,,616,714,[]
107,1612126388244578304,If anyone needs to get @vickihird a gift I think I've found just the thing... https://t.co/YbMUCEX4n1,Kate de Selincourt,2023-01-08 20:48:58,Forest of Dean,4369,717,[]
108,1612126388244578304,@sophiescott https://t.co/ByBMaGcy1g,HuxleyHigginsWhippet,2023-01-08 20:27:50,"Bristol, England",472,54,[]
109,1612126388244578304,"RT @fakehistoryhunt: That's a lovely bee.
And I'd totally wear that today.",Merry Evergreenson ğŸ€,2023-01-08 20:26:41,"Indianapolis, IN",1946,3137,[]
110,1612126388244578304,@JennaEricson https://t.co/T2vy6G2gIX,Karissa,2023-01-08 20:19:18,"Maine, USA",40,86,[]
111,1612126388244578304,What a great Roman bee. https://t.co/uvp83D76so,Matthew Dalby,2023-01-08 19:25:13,,7184,4108,[]
112,1612126388244578304,"RT @ae_stallings: I would like this, please:",those blossom ğŸ€,2023-01-08 19:22:25,Khoi and San Land,2398,4751,[]
113,1612126388244578304,"I would like this, please: https://t.co/GOZBp6ys9K",Alicia E. Stallings,2023-01-08 19:10:36,,8288,2256,[]
114,1612126388244578304,"RT @fakehistoryhunt: That's a lovely bee.
And I'd totally wear that today.",(((b McPherson))) a ğŸš²'ng dad,2023-01-08 18:31:13,Ottawa,961,662,[]
115,1612126388244578304,"RT @fakehistoryhunt: That's a lovely bee.
And I'd totally wear that today.",Lammie Post-Oostenbrink â¤ï¸ğŸ“š,2023-01-08 17:42:43,Boektopia,1201,2035,[]
116,1612126388244578304,"RT @fakehistoryhunt: That's a lovely bee.
And I'd totally wear that today.",ğŸš€JeanğŸ›¸ @DisconsolateChimera@mastodon.sdf.org,2023-01-08 17:38:27,Alabamistan,477,539,[]
117,1612126388244578304,"RT @fakehistoryhunt: That's a lovely bee.
And I'd totally wear that today.",Salma Typhii,2023-01-08 17:27:50,,1969,4756,[]
118,1612126388244578304,"RT @fakehistoryhunt: That's a lovely bee.
And I'd totally wear that today.",Sailing the Digital Ocean,2023-01-08 17:27:04,,162,832,[]
119,1612126388244578304,"That's a lovely bee.
And I'd totally wear that today. https://t.co/8erWnJmD1q",Fake History Hunter,2023-01-08 17:26:18,The past.,211509,4597,[]
120,1612126107909738506,Maybe i should bring santa's sack from Merry Meltdown and me + others can money match picking a random card from itâ€¦ https://t.co/ht8klRjuSr,TOOMUCHDOG,2023-01-08 17:08:30,Cis white male (sorry),2174,2247,[]
121,1612125998086250497,#damagecontrol https://t.co/FKF9S7k4Cd,I wantz Onwy Muwdews in da Buiwding 3 ğŸ˜³,2023-01-08 16:50:52,Da Awconia ZOMG,664,1558,['damagecontrol']
122,1612125758817714184,"this guy thinks itâ€™s funny to appropriate sobriety culture.. twitter, do your thing https://t.co/8KIihmGp3l",jemp.stp,2023-01-08 17:11:04,"Detroit, MI",1446,598,[]
123,1612124900143104002,so an 8 year old girl wearing a knee length skirt is sexualizing herself ğŸ¤¨is ur brain decorative https://t.co/miCIs0qFdR,#1 leo messi fan ğŸ‡¦ğŸ‡·,2023-01-09 03:20:01,"montreal, chicago",638,354,[]
124,1612124900143104002,you already answered your own question babeğŸ˜• https://t.co/WkEv0BVAVj https://t.co/IqXUGMld36,hannahğŸ‡²ğŸ‡¦,2023-01-09 03:11:51,black/arab 19,389,360,[]
125,1612124900143104002,"RT @jaadogarni: Why do Muslim women deny that when the islamic dress code, they are deliberately sexualizing themsleves?
Always deflectingâ€¦",ğŸ¾,2023-01-09 02:21:57,lost in the fragrance of books,506,495,[]
126,1612124900143104002,RT @AGwraig: Things rapists say,TallYouBack,2023-01-09 01:25:51,,221,306,[]
127,1612124900143104002,Things rapists say https://t.co/mh4MenN6Kg,Gwraig Anffyddiwr,2023-01-09 01:16:31,,2489,2637,[]
128,1612124900143104002,"im tired of the narrative that being modest strips you from any sexual harassment. Yes, modesty tremendously helpsâ€¦ https://t.co/64cIZPJnQa",yuna,2023-01-09 00:47:54,ğŸ«,175,700,[]
129,1612124900143104002,"RT @ExMuslimsMN: Why does the Quran say that Muslim women should wear the hijab to avoid sexual molestation?

Source: Quran 33:59",Akhi Norman,2023-01-08 23:46:44,Malaysia,1059,1445,[]
130,1612124900143104002,"Objectification and sexualization are in the minds of the person looking. Be a man, instead of an adolescent boy, aâ€¦ https://t.co/kFVntk2R2B",joe lewis,2023-01-08 23:43:54,,263,486,[]
131,1612124900143104002,"RT @jaadogarni: Why do Muslim women deny that when the islamic dress code, they are deliberately sexualizing themsleves?
Always deflectingâ€¦",Khadija Baloch,2023-01-08 22:00:57,,2129,228,[]
132,1612124900143104002,RT @neuesleben__: As if hijabi women aren't sexually harassed on a daily in Muslim countries... victim blaming is something we stopped doinâ€¦,lee,2023-01-08 21:53:35,haleemah,440,593,[]
133,1612124900143104002,RT @Aisiri__: This your tweet is very senseless cos just the other day they were objectifying and sexualizing a woman who was wearing exactâ€¦,KishMish ğŸ§ƒ,2023-01-08 21:41:41,United Kingdom,530,499,[]
134,1612124900143104002,I think thereâ€™re women who dress immodestly because theyâ€™re brainwashed into thinking a womanâ€™s worth is tied to beâ€¦ https://t.co/GmyKbn7JWO,Siham,2023-01-08 21:11:28,Mars,270,205,[]
135,1612124900143104002,"Why does the Quran say that Muslim women should wear the hijab to avoid sexual molestation?

Source: Quran 33:59 https://t.co/TZSknqoogD",Ex-Muslims of Minnesota,2023-01-08 21:08:29,,959,1426,[]
136,1612124900143104002,As if hijabi women aren't sexually harassed on a daily in Muslim countries... victim blaming is something we stoppeâ€¦ https://t.co/y7uEiPBeSA,Adam ğŸ•Š,2023-01-08 20:09:32,zan zendegi azadi,144,200,[]
137,1612124900143104002,https://t.co/a72arnREL5 https://t.co/ilJnTqyZVU,stayc girl,2023-01-08 20:07:29,,311,257,[]
138,1612124900143104002,This your tweet is very senseless cos just the other day they were objectifying and sexualizing a woman who was weaâ€¦ https://t.co/S2lfDOkv6u,Akosua,2023-01-08 20:03:15,,260,244,[]
139,1612124900143104002,"My sister in Allah, just dress like a ninja and keep it moving https://t.co/YCCaGWr2ZV",the hierophant ğŸ¤´ğŸ¾,2023-01-08 20:00:59,United States,1226,1204,[]
140,1612124900143104002,It's always these ones lol https://t.co/m3j9V18bdm,Shiro Kabocha,2023-01-08 20:00:11,Not Ghana,4431,1443,[]
141,1612124900143104002,Noob saibot stfu https://t.co/cO8zWD1qci,ğ“‹¹ ğ‘¶ğ’‘ğ’†ğ’ğ’† ğ‘¹ğ’Šğ’„ğ’‰ğ’‚ğ’“ğ’…ğ’”ğ’ğ’ â™¤,2023-01-08 19:57:44,Hell ,7072,2555,[]
142,1612124900143104002,"RT @jaadogarni: Why do Muslim women deny that when the islamic dress code, they are deliberately sexualizing themsleves?
Always deflectingâ€¦",Ayesha Khan,2023-01-08 19:44:19,"Toronto, Ontario",5520,1000,[]
143,1612124900143104002,"RT @jaadogarni: Why do Muslim women deny that when the islamic dress code, they are deliberately sexualizing themsleves?
Always deflectingâ€¦",Kanishk,2023-01-08 19:37:03,,199,605,[]
144,1612124900143104002,RT @tartasticles: yall are the ones who sexualised anything thats not a fking niqab and youâ€™re denying being part of rape culture????,Eudora Lia ğŸ,2023-01-08 19:37:01,"21, she/they",309,600,[]
145,1612124900143104002,yall are the ones who sexualised anything thats not a fking niqab and youâ€™re denying being part of rape culture???? https://t.co/Tv23VMIO3J,seraphim,2023-01-08 18:57:33,they/she ,101,133,[]
146,1612124900143104002,"You can be sexualised regardless of what youâ€™re wearing. Clothes isnâ€™t an excuse for objectification or assault 

Tâ€¦ https://t.co/LsEa9OZK8z",Nads,2023-01-08 18:42:49,london ,47,47,[]
147,1612124900143104002,One thing about most religious people is that they struggle with staying outta other people's business https://t.co/shnct4L7bA,ğ“† Nita ğ“†,2023-01-08 18:38:38,"She/her, 19 :ï½¥ï¾Ÿâ˜…",372,327,[]
148,1612124900143104002,wish she was from that one country but it isn't... https://t.co/2uPVpHAaji,el chica,2023-01-08 18:35:22,she/her,439,402,[]
149,1612124900143104002,"RT @jaadogarni: Why do Muslim women deny that when the islamic dress code, they are deliberately sexualizing themsleves?
Always deflectingâ€¦",Hal ğŸ‡¦ğŸ‡·ğŸ‡¦ğŸ‡·ğŸ‡¦ğŸ‡·,2023-01-08 18:35:01,,1433,334,[]
150,1612124900143104002,ğŸ¤¡ https://t.co/oC7Se4vW9H,à¦®à¦§à§à¦¬à§à¦°à¦¤à¦¾,2023-01-08 18:33:29,bengal (west) ,366,528,[]
151,1612124900143104002,thereâ€™s no way you typed this out .. reread what you said and was like â€œyeah ima post thisâ€.. u can go out only weaâ€¦ https://t.co/6iEk2fWFqq,á´€ÊÊŸÉªÉ´ â˜†,2023-01-08 18:30:50,ğŸ‡¦ğŸ‡«,188,203,[]
152,1612124900143104002,Revert in bio https://t.co/WrRxwm3lt6,Eudora Lia ğŸ,2023-01-08 18:28:13,"21, she/they",309,600,[]
153,1612124900143104002,"RT @jaadogarni: Why do Muslim women deny that when the islamic dress code, they are deliberately sexualizing themsleves?
Always deflectingâ€¦",Eudora Lia ğŸ,2023-01-08 18:27:39,"21, she/they",309,600,[]
154,1612124900143104002,i hope canada bans the niqab ğŸ™ğŸ» https://t.co/Sr7sCBgnqe,zee ğŸ¥€,2023-01-08 18:26:13,she/her Ù  20s Ù  cat mom,211,202,[]
155,1612124900143104002,rocks for brains https://t.co/QLhz1gAmX0,kris â™¡,2023-01-08 18:17:36,23. white. infj. lgbt(+),226,220,[]
156,1612124900143104002,"Why do Muslim women deny that when the islamic dress code, they are deliberately sexualizing themsleves?
Always defâ€¦ https://t.co/79OeCs92ZS",Behayya pukhtana ğŸ³ï¸â€ğŸŒˆâš›ï¸ğŸ‡ºğŸ‡²,2023-01-08 17:50:27,United States,3029,838,[]
157,1612124724879917062,Some of my favorite lifetime experiences are sharing food with the locals of different countries. It really is theâ€¦ https://t.co/wMnMby0Zyu,ğŸŒ²West Coast DarcyğŸŒ²,2023-01-08 22:24:26,"Sunshine Coast, BC",1088,252,[]
158,1612124615391825920,"RT @JediRickGrimes: Keks Win... 

You have been warned.  Dr will see you soon.",dr$uss.btc/eth,2023-01-08 17:56:44,gm Regional Hospital ,2181,571,[]
159,1612124615391825920,"Keks Win... 

You have been warned.  Dr will see you soon. https://t.co/lxn86s8OaX","ğ•µğ–Šğ–‰ğ– ğ•½ğ–ğ–ˆğ– (rekt,rekt)",2023-01-08 17:55:08,Tatooine,1440,568,[]
160,1612124570873663489,Thereâ€™s nothing I could say about these people thatâ€™s worse than this tweet. https://t.co/01irV3XoVS,High Commissioner for Human Rights Trekal Darheâ€™el,2023-01-08 20:53:19,,852,3349,[]
161,1612124570873663489,"This is such an important point. 

So many people don't have an existing framework to understand what's happening hâ€¦ https://t.co/IVXzxvhx8D",John Priest BMI 22 (fat),2023-01-08 17:11:08,Republic of Deseret,150,180,[]
162,1612124552934440963,Oh https://t.co/YxsOCAGlgF,GreenThumb Up,2023-01-08 16:33:47,Albuquerque ,1631,2016,[]
163,1612123213936611329,Monolingual Americans need to sit their whole asses down. https://t.co/pJa2zVs0nH,Bear Soup,2023-01-09 00:30:20,,21,202,[]
164,1612122992078917633,RT @YesikaStarr: I disagree. Iâ€™ve lived in Los Angeles my entire life and the â€œsurfaceâ€ folks are far less frequent than the THOUSANDS of fâ€¦,Panakin Skywalker ğŸˆâ€â¬›,2023-01-09 00:16:21,LA/Tongva Land,245,1261,[]
165,1612122992078917633,RT @YesikaStarr: I disagree. Iâ€™ve lived in Los Angeles my entire life and the â€œsurfaceâ€ folks are far less frequent than the THOUSANDS of fâ€¦,â€œis it time to release the bankai jutsu?â€,2023-01-08 22:32:33,Treaty of Saginaw Lands ,12849,3726,[]
166,1612122992078917633,I disagree. Iâ€™ve lived in Los Angeles my entire life and the â€œsurfaceâ€ folks are far less frequent than the THOUSANâ€¦ https://t.co/4AQnaj4fiv,Yesika Salgado ğŸ¥­âœ¨,2023-01-08 22:29:31,Los Angeles,31014,637,[]
