,1
0,culture
1,ai
2,artificialintelligence
3,machinelearning
4,deeplearning
5,art
6,arts
7,music
8,cryptocurrency
9,olympics
10,funny
11,crowdfunding
12,influencermarketing
13,opioid
14,healthinsurance
15,photography
16,vegan
17,ethereum
18,bitcoin
19,gold
20,movies
21,running
22,cryptocurrencies
23,java
24,python
25,blockchain
26,datascience
27,fintech
28,science
29,fitnessfacebook
30,youtube
31,amazon
32,weather
33,google
34,gmail
35,instagram
36,translate
37,ipl
38,wordle
39,bbcnews
40,flipkart
41,startbucks
42,cricket
43,FIFAWorldCup
44,Qatar2022
45,TikTok
46,Argentina
47,Messi
48,WorldCup
49,GivingTuesday
50,christmas
51,FIFAWorldCUp
52,elections
53,bollywood
54,beinghuman
55,elonmusk
56,dogecoin
57,pokemon
58,nintendoswitch
59,spirituality
60,soul
61,aliens
62,earth
63,water
64,flood
65,naturaldisaster
66,religion
67,god
68,satan
69,entrepreneur
70,Hinduism
71,Islam
72,Christinity
73,Jew
74,Buddhism
75,Home
76,House
77,Realestate
78,Truth
79,Energy
80,Racism
81,Gratitude
82,Wisdom
83,Yoga
84,Dance
85,Football
86,Liar
87,Famous
88,School
89,College
90,University
91,Research
92,Billgates
93,Elonmusk
94,Modi
95,Putin
96,Russia
97,China
98,India
99,Belgium
